{"frames":{"power up0.png":{"frame":{"x":0,"y":0,"w":38,"h":39},"rotated":false,"trimmed":false,"spriteSourceSize":{"x":0,"y":0,"w":38,"h":39},"sourceSize":{"w":38,"h":39}},"power up1.png":{"frame":{"x":38,"y":0,"w":38,"h":39},"rotated":false,"trimmed":false,"spriteSourceSize":{"x":0,"y":0,"w":38,"h":39},"sourceSize":{"w":38,"h":39}},"power up2.png":{"frame":{"x":0,"y":39,"w":38,"h":39},"rotated":false,"trimmed":false,"spriteSourceSize":{"x":0,"y":0,"w":38,"h":39},"sourceSize":{"w":38,"h":39}}},"meta":{"app":"https://github.com/piskelapp/piskel/","version":"1.0","image":"power up.png","format":"RGBA8888","size":{"w":76,"h":78}}}